field_name,unit,stress_xx,stress_yy,stress_zz,stress_xy,stress_xz,stress_yz
x-x,Pa,446401469.46813315,648.770083031525,-677.2888678599168,-4348.011170683678,-922.4410282257295,1755.757920212019
x-y,Pa,2499900.6914927796,-488.3589603409457,-102.3988556494387,250093621.21288902,922.2082782821932,739.3939213871301
